#OTU ID	taxonomy	16S-even	16s-mock-even-insilico-v2	16s-mock-staggered-insilico-v2	16S-stag	18S-stag	BLANK	F059	F067	F075	F076	F080	F095	F096	F100	F104	F105	F106	F107	F109	F111	F135	F141	F143	F145	F60	F69	F78	F79	F87	unknown
d089e76cb77366eba904ed413876e849	D_0__Bacteria; D_1__Cyanobacteria; D_2__Oxyphotobacteria; D_3__Synechococcales; D_4__Cyanobiaceae; D_5__Prochlorococcus MIT9313	0.0	0.0	0.0	0.0	0.0	0.0	0.11458378362800617	0.1285028140377759	0.11380158977115216	0.12025481019240769	0.1128125848705789	0.14359832635983263	0.14760288502333474	0.10300764655904843	0.12105424456022065	0.08211775222461501	0.09578845175904951	0.11155532628320866	0.12363103953147878	0.11457859711486794	0.10788254828279298	0.1089752132196162	0.12519050729370781	0.12682158330051202	0.10705717574295184	0.10359311924937266	0.13867286485730762	0.0	0.12554499024207946	0.1466992665036675
a7fb73795a62eb27e56a6fc538cbce3a	D_0__Bacteria; D_1__Cyanobacteria; D_2__Oxyphotobacteria; D_3__Synechococcales; D_4__Cyanobiaceae; D_5__Prochlorococcus MIT9313	0.0	0.0	0.0	0.0	0.0	0.0	0.004394876006858888	0.0038748268851106463	0.0	0.0	0.0	0.0	0.004115400933389903	0.0	0.0	0.0	0.0	0.0	0.0	0.0	0.0	0.0	0.0	0.0	0.0	0.0	0.0	0.0	0.003591745214466636	0.0
b4bde5fabe33a7f864361530153f48ad	D_0__Bacteria; D_1__Cyanobacteria; D_2__Oxyphotobacteria; D_3__Synechococcales; D_4__Cyanobiaceae	0.0	0.0	0.0	0.0	0.0	0.0	0.004654245738411216	0.0033886318767127324	0.008542898362139685	0.006825273010920437	0.016148912612029165	0.005790794979079498	0.0040729741196436145	0.010943075615972813	0.007287090952429598	0.020763073422453374	0.008020895936387593	0.004857707849711976	0.001903367496339678	0.003885421402885132	0.005549244079349821	0.002965085287846482	0.004136729806226867	0.0029539188656951556	0.00977659441694055	0.01207404444121177	0.001433040317366002	0.0	0.010318481916704729	0.0
c28a1db474603a1b2606fdc5bd5015f3	D_0__Bacteria; D_1__Cyanobacteria; D_2__Oxyphotobacteria; D_3__Synechococcales; D_4__Cyanobiaceae; D_5__Prochlorococcus MIT9313	0.0	0.0	0.0	0.0	0.0	0.0	0.0008213374832490381	0.0009576568347231635	0.001272948431444655	0.0009750390015600624	0.0	0.0007364016736401673	0.0005303351718285957	0.0018011894647408666	0.0006469847107297307	0.0010970704156677909	0.0	0.0	0.001991215226939971	0.0	0.001529319234466486	0.001099413646055437	0.0	0.004332414336352895	0.0008597856082983179	0.0009273738953340364	0.0008388528687020499	0.0	0.0013494996470539385	0.0
9bd851f67c83e3d109743f07a3db3320	D_0__Bacteria; D_1__Cyanobacteria; D_2__Oxyphotobacteria; D_3__Synechococcales; D_4__Cyanobiaceae; Ambiguous_taxa; Ambiguous_taxa	0.0	0.0	0.0	0.0	0.0	0.0	0.001195982651046845	0.0010018563809411558	0.0013012361743656475	0.0008775351014040562	0.0015250590176948628	0.0019079497907949791	0.0012728044123886295	0.004791843670348343	0.0012939694214594614	0.0035756369103246517	0.0021265775969673156	0.0	0.0	0.0012400281073037655	0.0036266713274490953	0.0028651385927505333	0.004136729806226867	0.0035447026388341868	0.0014006184909375824	0.0018729315925373677	0.0	0.0	0.0021591994352863015	0.0
77e1167bf8c3e186e2cb099a921b5b3e	D_0__Bacteria; D_1__Cyanobacteria; D_2__Oxyphotobacteria; D_3__Synechococcales; D_4__Cyanobiaceae; D_5__Prochlorococcus MIT9313	0.0	0.0	0.0	0.0	0.0	0.0	0.0013688958054150636	0.0010460559271591478	0.0	0.001170046801872075	0.0005431717049324169	0.0	0.0008697496817988969	0.0012234494477485131	0.0017025913440256069	0.0	0.0009245989552031807	0.001332645516292666	0.0019619326500732066	0.002438721944364072	0.001398234728655073	0.0014992004264392325	0.0	0.0	0.0009152556475433706	0.0012546823289813435	0.0015903252302476364	0.0	0.0	0.0
ad7a812323880fdbfb5bb08777efac8e	D_0__Bacteria; D_1__Cyanobacteria; D_2__Oxyphotobacteria; D_3__Synechococcales; D_4__Cyanobiaceae; D_5__Prochlorococcus MIT9313	0.0	0.0	0.0	0.0	0.0	0.0	0.000720471476534244	0.0015911836638477178	0.0012446606885236626	0.0	0.0008565399962395805	0.0014393305439330544	0.002333474756045821	0.0	0.0023155242278748256	0.0	0.0013406684850446118	0.0011177026910841716	0.001903367496339678	0.0028933989170421195	0.0	0.0013992537313432835	0.0	0.0	0.0005269653728280012	0.0014728879514128814	0.0016951818388353927	0.0	0.0021176763692231032	0.0
4cab0df7abb88b31989680d38a6e8df1	D_0__Bacteria; D_1__Cyanobacteria; D_2__Oxyphotobacteria; D_3__Synechococcales; D_4__Cyanobiaceae; D_5__Synechococcus CC9902	0.0	0.0	0.0	0.0	0.0	0.0	0.10576521275522702	0.0781595308954828	0.14271166303640634	0.1295826833073323	0.21223389809263166	0.088836820083682	0.05952481968604158	0.13913338997451147	0.1579664248986958	0.2944211937751412	0.16289122093292036	0.11662797695812914	0.05183016105417277	0.08630595626834209	0.12636546360220222	0.09674840085287846	0.11125625952536468	0.08822371012209532	0.1628739027332862	0.17567370985925737	0.040055224480522886	0.0	0.16916497114146908	0.1198044009779951
998029e58241e6de5f1cdec2dd0b12f3	D_0__Bacteria; D_1__Cyanobacteria; D_2__Oxyphotobacteria; D_3__Synechococcales; D_4__Cyanobiaceae; D_5__Prochlorococcus MIT9313	0.0	0.0	0.0	0.0	0.0	0.0	0.001311258087292324	0.0012965200223944368	0.0008769200305507623	0.0013975559022360894	0.0010654521904443562	0.0011380753138075313	0.0012940178192617734	0.0018351741716227698	0.001225865767698437	0.0	0.0017105080671258842	0.001418622646376064	0.0015519765739385066	0.0020253792419294837	0.0	0.0009328358208955224	0.0	0.0	0.0011510033143348449	0.00047277884860166564	0.0011708987958966113	0.0	0.0009965535855167545	0.0
12410564eef73c3c877af2b6ea638ba2	D_0__Bacteria; D_1__Cyanobacteria; D_2__Oxyphotobacteria; D_3__Synechococcales; D_4__Cyanobiaceae; D_5__Prochlorococcus MIT9313; Ambiguous_taxa	0.0	0.0	0.0	0.0	0.0	0.0	0.0011239355033934206	0.0020479123081003033	0.0016689768323385477	0.0	0.0015041677982743852	0.004150627615062762	0.002566822231650403	0.0	0.0	0.0	0.0	0.0	0.0	0.0	0.002752774622039675	0.005530383795309168	0.008273459612453734	0.0	0.0012203408633911607	0.0	0.0020796560703238323	0.0	0.003114229954739858	0.0
0faee93453ec8e3ef4745dd73ca8fed4	D_0__Bacteria; D_1__Cyanobacteria; D_2__Oxyphotobacteria; D_3__Nostocales; D_4__Phormidiaceae; D_5__Trichodesmium IMS101; Ambiguous_taxa	0.0	0.0	0.0	0.0	0.0	0.0	0.00044669231545123127	0.0	0.0	0.0	0.0004596068272505066	0.0	0.0025243954179041154	0.0	0.0	0.0	0.0	0.0	0.0	0.0	0.0	0.0	0.0	0.0	0.0	0.0	0.0	0.0	0.0009965535855167545	0.0
7ef4b3abd786867ccf148e164dffdcd9	D_0__Bacteria; D_1__Cyanobacteria; D_2__Oxyphotobacteria; D_3__Synechococcales; D_4__Cyanobiaceae	0.0	0.0	0.0	0.0	0.0	0.0	0.0	0.0	0.0	0.0	0.0	0.0	0.0	0.0	0.0	0.0	0.0	0.0	0.0	0.0	0.0	0.0	0.0	0.0	0.001442221020371372	0.0	0.0	0.0	0.0	0.0
0b88d6ab6558fa083b79a2c5d6d208e0	D_0__Bacteria; D_1__Cyanobacteria; D_2__Oxyphotobacteria; D_3__Synechococcales; D_4__Cyanobiaceae; D_5__Synechococcus CC9902	0.0	0.0	0.0	0.0	0.0	0.0	0.0	0.0	0.003451104636361065	0.0	0.007980445818622433	0.0027447698744769876	0.0	0.0	0.0035754418224537747	0.008085815285847791	0.004438074984975267	0.0	0.0	0.002480056214607531	0.0	0.0018323560767590618	0.0	0.0	0.00421572298262401	0.003927701203767684	0.0011708987958966113	0.0	0.005833990781879334	0.0
165d53a3627c5b13dc0e4d43a9585b35	D_0__Bacteria; D_1__Cyanobacteria; D_2__Oxyphotobacteria; D_3__Synechococcales; D_4__Cyanobiaceae; D_5__Prochlorococcus MIT9313; Ambiguous_taxa	0.0	0.0	0.0	0.0	0.0	0.0	0.0	0.0	0.0	0.0	0.0	0.0	0.0	0.0	0.0	0.0	0.0	0.0	0.0	0.0	0.004063619680153806	0.003997867803837953	0.0	0.0	0.0	0.0	0.0	0.0	0.0	0.0
ef04494de44f4f7489ba0338581a9e4c	D_0__Bacteria; D_1__Cyanobacteria; D_2__Oxyphotobacteria; D_3__Synechococcales; D_4__Cyanobiaceae	0.0	0.0	0.0	0.0	0.0	0.0	0.0018444069799276647	0.0017827150307923505	0.0033379536646770953	0.00328263130525221	0.0030710092548102033	0.0018744769874476988	0.0	0.0019371282922684792	0.002724146150440971	0.008126447523465117	0.005778743470019879	0.006964147536755223	0.0021669106881405564	0.004712106807754309	0.008782661889364676	0.00623001066098081	0.0	0.009255612445844821	0.003716492629418535	0.003454922355166018	0.0005417591443700739	0.0	0.0012872150479591414	0.0
12265c6aca2928c2bc9fe71988816516	D_0__Bacteria; D_1__Cyanobacteria; D_2__Oxyphotobacteria; D_3__Nostocales; D_4__Phormidiaceae; D_5__Trichodesmium IMS101; Ambiguous_taxa	0.0	0.0	0.0	0.0	0.0	0.0	0.0007925186241876684	0.0	0.0006223303442618313	0.0010075403016120644	0.0037813107151064406	0.001305439330543933	0.0007636826474331777	0.0013593882752761257	0.005448292300881942	0.006501158018772094	0.002288382414127872	0.0006018399105837848	0.0023718887262079063	0.0007440168643822594	0.00017477934108188413	0.0	0.008491182233834096	0.0	0.0	0.001745644979452304	0.00031456982576326875	0.0	0.0012041689158327452	0.0
a03e773ae24580976e9d864c7af8dc24	D_0__Bacteria; D_1__Cyanobacteria; D_2__Oxyphotobacteria; D_3__Synechococcales; D_4__Cyanobiaceae	0.0	0.0	0.0	0.0	0.0	0.0	0.0007492903355956138	0.0005009281904705779	0.000594042601340839	0.0	0.0013370380429105647	0.0	0.0	0.0	0.0018047468246671435	0.0028848888708301167	0.0012019786417641347	0.0	0.0	0.0	0.0020973520929826093	0.0	0.0	0.0	0.0010539307456560025	0.0010182929046805107	0.0	0.0	0.0012041689158327452	0.0
e4d8cf734e48159555ddca238ff9233a	D_0__Bacteria; D_1__Cyanobacteria; D_2__Oxyphotobacteria; D_3__Synechococcales; D_4__Cyanobiaceae; D_5__Prochlorococcus MIT9313; Ambiguous_taxa	0.0	0.0	0.0	0.0	0.0	0.0	0.0008501563423104079	0.0006777263753425465	0.0009617832593137393	0.0005525221008840353	0.0005431717049324169	0.0005020920502092051	0.0006576156130674586	0.0007476635514018691	0.0	0.0	0.0	0.0	0.0	0.0	0.0	0.0	0.0	0.0	0.0006379054513181068	0.0016001745644979451	0.0005068069415074886	0.0	0.0005190383257899764	0.0
60f53e84b4ab35530ef79eccb7048bf8	D_0__Bacteria; D_1__Cyanobacteria; D_2__Oxyphotobacteria; D_3__Synechococcales; D_4__Cyanobiaceae	0.0	0.0	0.0	0.0	0.0	0.0	0.0	0.0	0.0	0.0	0.0008565399962395805	0.0	0.0	0.0026508071367884454	0.0	0.0	0.0	0.0	0.0	0.0	0.0	0.0	0.0	0.0	0.0	0.0008910062915954467	0.0	0.0	0.0010173151185483536	0.0
b7cc4a2a1497d150d66b6c791f150f3c	D_0__Bacteria; D_1__Cyanobacteria; D_2__Oxyphotobacteria; D_3__Synechococcales; D_4__Cyanobiaceae	0.0	0.0	0.0	0.0	0.0	0.0	0.004798340033718065	0.003580163243657365	0.002517609119968318	0.0022100884035361414	0.006580734117450435	0.004251046025104603	0.002291047942299533	0.010943075615972813	0.0058228623965675755	0.01279915484945756	0.007466136563265683	0.0025363253374602354	0.0	0.0015707022692514365	0.006729004631652539	0.001799040511727079	0.0028303940779446984	0.0037416305632138637	0.006268114434690963	0.005527875768265629	0.0005767113472326593	0.0	0.003799360544782627	0.0
4b4e842744e2ee3505defcd8dc6e6061	D_0__Bacteria; D_1__Cyanobacteria; D_2__Oxyphotobacteria; D_3__Synechococcales; D_4__Cyanobiaceae; D_5__Prochlorococcus MIT9313; Ambiguous_taxa	0.0	0.0	0.0	0.0	0.0	0.0	0.0010374789262093114	0.001134455019595132	0.002432745891205341	0.0	0.0013370380429105647	0.001305439330543933	0.0007636826474331777	0.0	0.0	0.0	0.0021265775969673156	0.0035680508984610093	0.0024011713030746705	0.0	0.0026216901162282617	0.004131130063965885	0.0	0.0	0.0009429906671658971	0.0	0.0008738050715646354	0.0	0.001162645849769547	0.0
e9f376c867c2a1506d5b0996f9839a20	D_0__Bacteria; D_1__Cyanobacteria; D_2__Oxyphotobacteria; D_3__Synechococcales; D_4__Cyanobiaceae; D_5__Prochlorococcus MIT9313	0.00097188995215311	0.0	0.0	0.0	1.0	0.65	0.6796927909624058	0.6957008574711966	0.6408871036180023	0.656038741549662	0.5427956629828483	0.6575062761506276	0.6875053033517183	0.6314358538657604	0.621343685088705	0.4878712770712283	0.6284036799038417	0.6834322070329293	0.7373352855051245	0.7145455296986731	0.6671764397448222	0.693296908315565	0.6980187241454388	0.7185899960614415	0.6186712152098848	0.5998108884605593	0.7344506387515073	1.0	0.5930324295145953	0.7334963325183375
95ce069bc66e963da77c302f5e758ac5	D_0__Bacteria; D_1__Cyanobacteria; D_2__Oxyphotobacteria; D_3__Nostocales; D_4__Phormidiaceae; D_5__Trichodesmium IMS101; Ambiguous_taxa	0.0	0.0	0.0	0.0	0.0	0.0	0.0	0.0	0.0	0.0	0.001023669751603401	0.0	0.0019092066185829445	0.0	0.0	0.0	0.0	0.0	0.0	0.0	0.0	0.0	0.0	0.0	0.0	0.0	0.0	0.0	0.0	0.0
1401cfd6a11ecc38fc403120fd9baf85	D_0__Bacteria; D_1__Cyanobacteria; D_2__Oxyphotobacteria; D_3__Synechococcales; D_4__Cyanobiaceae; D_5__Prochlorococcus MIT9313	0.0	0.0	0.0	0.0	0.0	0.0	0.002291099295378896	0.002755105047588178	0.001866991032785494	0.0027626105044201766	0.0027576409635030395	0.003481171548117155	0.003075943996605855	0.0027527612574341546	0.0014982803827425341	0.002559830969891512	0.0007396791641625445	0.0012466683862092684	0.0016398243045387994	0.0013640309180341422	0.002752774622039675	0.0019323027718550106	0.0	0.0	0.0012758109026362137	0.0015819907626286505	0.0034253158805333706	0.0	0.002325291699539094	0.0
7a1011dfbc8b253cb0032a00e74454e9	D_0__Bacteria; D_1__Cyanobacteria; D_2__Oxyphotobacteria; D_3__Synechococcales; D_4__Cyanobiaceae; D_5__Prochlorococcus MIT9313; Ambiguous_taxa	0.0	0.0	0.0	0.0	0.0	0.0	0.004034640268591767	0.003830627338892654	0.003931996266017934	0.00406266250650026	0.005034783880335095	0.006259414225941422	0.005663979635129402	0.00713678844519966	0.003234923553648653	0.0023160375441875583	0.0034903610558920067	0.004083913678961396	0.004802342606149341	0.004712106807754309	0.002883859127851088	0.002965085287846482	0.0	0.009452540370224497	0.0031756597467792707	0.003782230788813325	0.004229216546372835	0.0	0.0032803222189926504	0.0
6fdd688da33b366b837859cad836462a	D_0__Bacteria; D_1__Cyanobacteria; D_2__Oxyphotobacteria; D_3__Synechococcales; D_4__Cyanobiaceae; D_5__Synechococcus CC9902	0.0	0.0	0.0	0.0	0.0	0.0	0.0055620397988443634	0.003609629607802693	0.006166727956776329	0.005687727509100364	0.008878768253702969	0.004719665271966527	0.0028425965210012727	0.009005947323704333	0.00636769162665577	0.014018121977977327	0.00862188525726966	0.006792193276588428	0.002986822840409956	0.0037614185921547557	0.00677269946692301	0.004597547974413646	0.0	0.0	0.009374436632413918	0.010364767065498054	0.0020971321717551247	0.0	0.007058921230743678	0.0
333b8b54e88aa3353756fea6269cab32	D_0__Bacteria; D_1__Cyanobacteria; D_2__Oxyphotobacteria; D_3__Synechococcales; D_4__Cyanobiaceae	0.0	0.0	0.0	0.0	0.0	0.0	0.0005763771812273952	0.0007071927394878746	0.0	0.0011375455018200727	0.0019428834061044143	0.0016401673640167363	0.0007636826474331777	0.0025148683092608326	0.0010896584601763884	0.0022754053065702326	0.0	0.0	0.0	0.0	0.0	0.0006996268656716418	0.0	0.0	0.0018582463147092676	0.0026912026766556353	0.0002621415214693906	0.0	0.0009550305194535565	0.0
9599594fb6cc1783dfe4aa837ab1c78e	D_0__Bacteria; D_1__Cyanobacteria; D_2__Oxyphotobacteria; D_3__Synechococcales; D_4__Cyanobiaceae; D_5__Prochlorococcus MIT9313	0.0	0.0	0.0	0.0	0.0	0.0	0.0	0.0	0.0	0.0	0.0	0.0	0.0	0.0	0.0	0.0	0.0	0.0	0.005153733528550512	0.0	0.0	0.0	0.0	0.0	0.003688757609796009	0.0	0.0	0.0	0.0	0.0
e2f51f019e9a31b9c3c93e93a2e4b0cb	D_0__Bacteria; D_1__Cyanobacteria; D_2__Oxyphotobacteria; D_3__Synechococcales; D_4__Cyanobiaceae; D_5__Synechococcus CC9902	0.0	0.0	0.0	0.0	0.0	0.0	0.003126846208158619	0.0031676341456227716	0.004016859494780912	0.005915236609464378	0.010863434098648338	0.003514644351464435	0.0028638099278744168	0.012166525063721326	0.00541424047400143	0.01186461338425907	0.006264157921501549	0.002665291032585332	0.0	0.0029347331872855787	0.004325788691776632	0.001799040511727079	0.010015240583496626	0.0	0.0036055525509284298	0.008346365058006329	0.0	0.0	0.004090022007225014	0.0
44369269b45b7e1a562a501cea30045e	D_0__Bacteria; D_1__Cyanobacteria; D_2__Oxyphotobacteria; D_3__Synechococcales; D_4__Cyanobiaceae; D_5__Prochlorococcus MIT9313	0.0	0.0	0.0	0.0	0.0	0.0	0.031960114699059065	0.029923092789580694	0.03340782438969195	0.03467888715548622	0.02513213696283452	0.03293723849372385	0.03232923207467119	0.02875106202209006	0.03023802226989478	0.026451586688878957	0.03150570939854838	0.03245636660648268	0.029224011713030747	0.02926466333236887	0.02927553963121559	0.027585287846481878	0.0276507729153059	0.03308389129578574	0.027318994328188486	0.027075680983380004	0.03302983170514322	0.0	0.027218369804426358	0.0
5cadb906e927ec37f15cd2b07b7d9da3	D_0__Bacteria; D_1__Cyanobacteria; D_2__Oxyphotobacteria; D_3__Synechococcales; D_4__Cyanobiaceae; D_5__Prochlorococcus MIT9313	0.0	0.0	0.0	0.0	0.0	0.0	0.005230622919638612	0.0066446651147714884	0.003705694322649996	0.006045241809672387	0.006685190214552823	0.007665271966527196	0.007085277895630038	0.005063721325403568	0.007831920182517792	0.0046320750883751165	0.006795802320743377	0.005717479150545955	0.006969253294289898	0.007068160211631464	0.006292056278947828	0.005930170575692964	0.0	0.0	0.004645615786773169	0.0036731279775975563	0.006885583963929327	0.0	0.005086575592741768	0.0
1b3de43da43a9830fdeab8bb23a7c161	D_0__Bacteria; D_1__Cyanobacteria; D_2__Oxyphotobacteria; D_3__Synechococcales; D_4__Cyanobiaceae; D_5__Prochlorococcus MIT9313	0.0	0.0	0.0	0.0	0.0	0.0	0.0	0.0017974482128650146	0.0	0.0	0.0	0.0	0.0	0.0	0.0	0.0	0.0	0.0	0.0	0.0	0.0	0.0	0.0	0.0	0.0	0.0	0.0	0.0	0.0	0.0
93f178a72eea5198a7d679b5c07cfd6a	D_0__Bacteria; D_1__Cyanobacteria; D_2__Oxyphotobacteria; D_3__Synechococcales; D_4__Cyanobiaceae; D_5__Prochlorococcus MIT9313	0.0	0.0	0.0	0.0	0.0	0.0	0.007046211040504906	0.00785278604472994	0.00690220927272213	0.0	0.006852319969916644	0.007330543933054393	0.009355112431056427	0.0076465590484282074	0.0	0.0	0.00573251352225972	0.0	0.0061786237188872625	0.0	0.0	0.0068630063965884865	0.0	0.0	0.006850549846764017	0.00812815943557479	0.009384666468604183	0.0	0.006622929037080098	0.0
912dc151e3ecdf57069e8103e82ca984	D_0__Bacteria; D_1__Cyanobacteria; D_2__Oxyphotobacteria; D_3__Synechococcales; D_4__Cyanobiaceae; D_5__Prochlorococcus MIT9313	0.0	0.0	0.0	0.0	0.0	0.0	0.006196054698194498	0.006453133747826856	0.005289807926225566	0.007247789911596464	0.005473499488165124	0.007799163179916318	0.0070640644887568944	0.007578589634664401	0.006061225184731161	0.0	0.005085294253617493	0.005760467715587653	0.007701317715959005	0.007274831562848758	0.0	0.005963486140724947	0.0	0.0	0.006531597121104963	0.00763719678510383	0.006745775152478985	0.0	0.004899721795457376	0.0
5d1eca5eed8bc208c96c46d29f236b48	D_0__Bacteria; D_1__Cyanobacteria; D_2__Oxyphotobacteria; D_3__Synechococcales; D_4__Cyanobiaceae	0.0	0.0	0.0	0.0	0.0	0.0	0.0014553523825991729	0.001384919114830421	0.0018387032898645017	0.0017550702028081124	0.0012534731652286545	0.000702928870292887	0.00171828595672465	0.00044180118946474085	0.0	0.0	0.0012713235634043733	0.0015905769065428597	0.0009956076134699854	0.0	0.0023595211046054357	0.0012993070362473348	0.0	0.0	0.0016224986479177934	0.0	0.0022893692874993445	0.0	0.00197234563800191	0.0
31f1c6b0fc2ac518e94e7cadfe7f28a1	D_0__Bacteria; D_1__Cyanobacteria; D_2__Oxyphotobacteria; D_3__Synechococcales; D_4__Cyanobiaceae; D_5__Prochlorococcus MIT9313	0.0	0.0	0.0	0.0	0.0	0.0	0.004438104295450943	0.0046704187170345055	0.00545953438375152	0.004355174206968278	0.00499300144149414	0.006326359832635983	0.004645736105218498	0.00411214953271028	0.0037457009568563353	0.0033724757222380235	0.0034903610558920067	0.004169890809044794	0.00404099560761347	0.0040507584838589674	0.004587957703399459	0.005463752665245202	0.0	0.0	0.0045346757082830634	0.005036913117794669	0.004788451792174202	0.0	0.0056471369845949426	0.0
